{"cameraMode":{"drawMode":0,"name":"Shaded","section":"Shading Mode"},"sceneLighting":true,"audioPlay":false,"sceneViewState":{"showFog":true,"showMaterialUpdate":false,"showSkybox":true,"showFlares":true,"showImageEffects":true,"showParticleSystems":true},"in2DMode":false,"pivot":{"x":-131.64398193359376,"y":-175.93386840820313,"z":772.388671875},"rotation":{"x":-0.16899752616882325,"y":0.08179263025522232,"z":-0.014063362032175064,"w":-0.9821526408195496},"size":453.4609680175781,"orthographic":false}